model,input_dim,accuracy,macro_f1,runtime_sec
2-layer Perceptron (raw),784,0.9430714285714286,0.9425058994780307,2.540753917011898
2-layer Perceptron + PCA (95%),154,0.9462857142857143,0.9457783597605138,2.448082249989966
2-layer Perceptron + PCA (80%),43,0.9467142857142857,0.9462575445847232,2.689769332006108
