model,input_dim,accuracy,macro_f1,runtime_sec
2-layer Perceptron (raw),784,0.9430714285714286,0.9425058994780307,10.376615399989532
2-layer Perceptron + PCA (95%),154,0.9462142857142857,0.9457032441804427,5.751701500004856
2-layer Perceptron + PCA (80%),43,0.9462857142857143,0.9458305222862083,6.613809600006789
